id,first_name,last_name,courses
1740001,Brigit,Filler,1462 1064 1538 1430
1740002,Berry,Reford,1110 1153 1346 1313
1740003,Maurizio,Kmieciak,1313 1175 1068 1458
1740004,Elladine,Elcomb,1458 1277 1175 1427
1740005,Merrill,Thurborn,1239 1427 1153 1371
1740006,Cari,Fordy,1458 1458 1313 1175 
1740007,Mead,Carty,1371 1462 1068 1496
1740008,Selig,Antonsen,1123 1064 1462 1462
1740009,Gardy,Crackel,1313 1346 1313 1064
1740010,Beckie,Gudger,1596 1462 1496 1313
1740011,Robyn,Karpets,1458 1153 1068 1458 
1740012,Hersch,Ivshin,1458 1430 1175 1106 
1740013,Lucretia,Breakwell,1538 1153 1110 1458 
1740014,Bartram,Thurlow,1458 1123 1427 1552
1740015,Kaye,Muffitt,1106 1175 1153 1068 
1740016,Eleni,Cyphus,1313 1552 1153 1430
1740017,Billy,Domenc,1596 1552 1106 1596 
1740018,Concettina,Crady,1462 1106 1123 1106 
1740019,Ricky,Cavanagh,1123 1596 1427 1496 
1740020,Murielle,Aldam,1462 1175 1346 1106 
1740021,Clive,Crawford,1496 1068 1427 1427
1740022,Cleon,Fosdyke,1153 1496 1175 1239
1740023,Truman,Cheavin,1462 1430 1462 1313 
1740024,Raven,Sedwick,1496 1458 1106 1123
1740025,Wynny,Leyton,1106 1430 1064 1462
1740026,Sondra,Baggarley,1427 1462 1462 1430
1740027,Barron,Boatwright,1239 1277 1371 1277 
1740028,Shelden,Stuther,1110 1123 1106 1239
1740029,Catlaina,Guidelli,1153 1596 1538 1596 
1740030,Sibel,Fehely,1123 1552 1538 1496 
1740031,Bret,Immer,1313 1123 1552 1068 
1740032,Vivyan,Piggot,1277 1239 1110 1430
1740033,Gale,Archer,1346 1430 1064 1313
1740034,Ogden,Van der Spohr,1371 1462 1175 1596
1740035,Nap,Woodings,1458 1123 1064 1496 
1740036,Mable,Mosten,1110 1313 1110 1346 
1740037,Kelley,Figurski,1552 1068 1496 1175
1740038,Nomi,Clunie,1371 1239 1175 1239
1740039,Ebeneser,Caseley,1552 1175 1462 1239
1740040,Ric,Greeves,1427 1313 1552 1496 
1740041,Aline,Lefley,1277 1175 1153 1596 
1740042,Alvina,Mapother,1430 1064 1596 1277
1740043,Nevin,Primrose,1496 1596 1552 1068 
1740044,Claiborn,Pires,1153 1458 1427 1313 
1740045,Celinka,Palfreman,1068 1106 1153 1458 
1740046,Laurette,Patterson,1346 1068 1552 1427 
1740047,Bill,Agar,1427 1106 1106 1552
1740048,John,Ilyushkin,1538 1371 1068 1110
1740049,Wyn,D'Alesio,1313 1538 1371 1371
1740050,Elisha,Peirson,1110 1462 1106 1106
1740051,Tami,ducarme,1175 1427 1346 1313 
1740052,Benetta,Mitchel,1462 1346 1538 1175
1740053,Broderic,Merrisson,1123 1462 1346 1064
1740054,Michael,Mowson,1110 1313 1110 1371
1740055,Ezekiel,Voce,1313 1538 1538 1239
1740056,Janina,Feather,1371 1538 1346 1427
1740057,Koren,Whaley,1313 1313 1538 1153 
1740058,Sonnnie,Grayer,1462 1462 1313 1313
1740059,Neala,Loomes,1462 1346 1346 1123
1740060,Garwin,Wones,1552 1068 1064 1496 
1740061,Michele,Lowman,1427 1106 1596 1313
1740062,Robinet,Jarred,1068 1153 1462 1427 
1740063,Marie-ann,Boxhall,1458 1371 1596 1106
1740064,Byram,O'Gorman,1153 1552 1538 1277
1740065,Harley,Reuven,1427 1110 1346 1064
1740066,Garwood,Kennler,1346 1123 1496 1123
1740067,Sayre,Sickert,1427 1371 1430 1346
1740068,Nanni,Carp,1239 1123 1068 1153 
1740069,Jeri,Kelston,1175 1313 1239 1277
1740070,Kristo,Crossthwaite,1064 1064 1277 1123
1740071,Townsend,Maryska,1239 1346 1346 1427
1740072,Nikola,Birchwood,1427 1427 1068 1313
1740073,Carmel,Meade,1346 1064 1596 1596 
1740074,Pearla,Burbudge,1462 1371 1458 1538
1740075,Kenon,Dillingston,1110 1239 1496 1277 
1740076,Niki,Corben,1068 1596 1110 1277
1740077,Tressa,Brugmann,1596 1427 1346 1458 
1740078,Bobinette,Rewbottom,1277 1462 1427 1346
1740079,Lesya,Fratson,1277 1462 1596 1430
1740080,Bay,Coughtrey,1239 1427 1346 1552 
1740081,Retha,Oda,1427 1110 1538 1068
1740082,Ewell,Giblin,1153 1068 1153 1462 
1740083,Kleon,Birkmyr,1538 1106 1552 1153
1740084,Phillis,Hovy,1239 1277 1239 1064
1740085,Milissent,Dunkinson,1538 1064 1346 1552
1740086,Althea,Choffin,1277 1106 1110 1371 
1740087,Zorana,Goodred,1430 1538 1496 1496 
1740088,Hobey,Roskrug,1371 1346 1064 1538 
1740089,Siusan,Dary,1153 1277 1068 1462 
1740090,Jenda,Buney,1106 1313 1277 1068
1740091,Janenna,Whitticks,1175 1106 1496 1110
1740092,Millard,Bowland,1538 1064 1427 1462
1740093,Vickie,Buckerfield,1064 1552 1458 1458 
1740094,Yolane,Tomlinson,1462 1313 1430 1153 
1740095,Lin,Fogt,1175 1313 1123 1153
1740096,Dwain,Seals,1496 1123 1552 1462 
1740097,Nancee,Harriss,1064 1068 1068 1153 
1740098,Halley,Pickavance,1430 1123 1106 1346 
1740099,Raychel,La Vigne,1106 1552 1427 1458
